PresetID,SetSeason,UnitCount,CharID_1,CharID_2,CharID_3,CharID_4,CharID_5,CharID_6,CharID_7,CharID_8,CharID_9,CharID_10,CharID_11,CharID_12,NeedSynergy,UseRuneType,Explain
EP011030001,1,3,C10001,C10002,C20002,,,,,,,,,,-,Battle/Synergy_S10001_Normal,3 마스코트
EP011030002,1,3,C10001,C10004,C20002,,,,,,,,,,-,Battle/Synergy_S10001_Normal,3 마스코트
EP011030003,1,3,C10005,C20003,C20004,,,,,,,,,,-,Battle/Synergy_S10002_Normal/Synergy_S10024_Normal,"3 수호대, 1 전직교관"
EP011030004,1,3,C10003,C10006,C20004,,,,,,,,,,-,Battle/Synergy_S10003_Normal/Synergy_S10024_Normal,"2 선봉장, 1 전직교관"
EP011030005,1,3,C10003,C10006,C10008,,,,,,,,,,-,Battle/Synergy_S10003_Normal/Synergy_S10005_Normal,"2 선봉장, 1 책사"
EP011030006,1,3,C10007,C20005,C20006,,,,,,,,,,-,Battle/Synergy_S10004_Normal,3 마법사
EP011030007,1,3,C10008,C10009,C10010,,,,,,,,,,-,Battle/Synergy_S10006_Normal/Synergy_S10005_Normal,"2 사냥꾼, 1 책사"
EP011030008,1,3,C10009,C10010,C20004,,,,,,,,,,-,Battle/Synergy_S10006_Normal/Synergy_S10024_Normal,"2 사냥꾼, 1 전직교관"
EP011030009,1,3,C10011,C20002,C20008,,,,,,,,,,-,Battle/Synergy_S10008_Normal/Synergy_S10016_Normal,"2 추격자, 2 엘나스"
EP011030010,1,3,C10008,C10011,C20008,,,,,,,,,,-,Battle/Synergy_S10008_Normal/Synergy_S10005_Normal,"2 추격자, 1 책사"
EP011030011,1,3,C10011,C20004,C20008,,,,,,,,,,-,Battle/Synergy_S10008_Normal/Synergy_S10024_Normal,"2 추격자, 1 전직교관"
EP011030012,1,3,C10008,C20002,C20009,,,,,,,,,,-,Battle/Synergy_S10005_Normal/Synergy_S10016_Normal,"2 엘나스, 1 책사"
EP011030013,1,3,C10012,C20004,C20011,,,,,,,,,,-,Battle/Synergy_S10010_Normal/Synergy_S10024_Normal,"2 저격수, 1 전직교관"
EP011030014,1,3,C10013,C20012,C20013,,,,,,,,,,-,Battle/Synergy_S10011_Normal/Synergy_S10020_Normal,"3 방해꾼, 2 아케인리버"
EP011030015,1,3,C10008,C20003,C20005,,,,,,,,,,-,Battle/Synergy_S10005_Normal/Synergy_S10015_Normal,"3 시간의 신전, 1 책사"
EP011030016,1,3,C10003,C10008,C20003,,,,,,,,,,-,Battle/Synergy_S10005_Normal/Synergy_S10015_Normal,"3 시간의 신전, 1 책사"
EP011030017,1,3,C10001,C10005,C10013,,,,,,,,,,-,Battle/Synergy_S10017_Normal,3 빅토리아 아일랜드
EP011030018,1,3,C10004,C20012,C20013,,,,,,,,,,-,Battle/Synergy_S10020_Normal,3 아케인리버
EP011030019,1,3,C10006,C10012,C20008,,,,,,,,,,-,Battle/Synergy_S10021_Normal,3 오르비스
EP011030020,1,3,C10006,C10007,C20008,,,,,,,,,,-,Battle/Synergy_S10021_Normal,3 오르비스
EP011030021,1,3,C10008,C20001,C20007,,,,,,,,,,-,Battle/Synergy_S10025_Normal/Synergy_S10005_Normal,"2 기사단장, 1 책사"
EP011030022,1.1,3,C10014,C10015,C20014,,,,,,,,,,-,Battle/Synergy_S10031_Normal,3 아랫마을
EP011030023,1.1,3,C10014,C10015,C20015,,,,,,,,,,-,Battle/Synergy_S10031_Normal,3 아랫마을
EP011030024,1.1,3,C10014,C20014,C20015,,,,,,,,,,-,Battle/Synergy_S10031_Normal,3 아랫마을
EP011030025,1.1,3,C10015,C20014,C20015,,,,,,,,,,-,Battle/Synergy_S10031_Normal,3 아랫마을
EP011030026,1.2,3,C10016,C20016,C20017,,,,,,,,,,-,Battle/Synergy_S10032_Normal,"3 마가티아, 1 책사"
EP011030027,1.3,3,C10017,C10018,C20018,,,,,,,,,,-,Battle/Synergy_S10033_Normal,3 미우미우
EP011030028,1.4,3,C10009,C10019,C20019,,,,,,,,,,-,Battle/Synergy_S10034_Normal/Synergy_S10022_Normal,"2 처형자, 2 시그너스"
EP011030029,1.4,3,C10019,C20004,C20019,,,,,,,,,,-,Battle/Synergy_S10034_Normal/Synergy_S10024_Normal,"2 처형자, 1 전직교관"
EP011030030,1.5,3,C20006,C20020,C20021,,,,,,,,,,-,Battle/Synergy_S10035_Normal/Synergy_S10019_Normal,"2 결투가, 2 루디브리엄"
EP011030031,1.5,3,C10009,C10020,C20020,,,,,,,,,,-,Battle/Synergy_S10035_Normal/Synergy_S10022_Normal,"2 결투가, 2 시그너스"
EP011030032,1.5,3,C10020,C20004,C20020,,,,,,,,,,-,Battle/Synergy_S10035_Normal/Synergy_S10024_Normal,"2 결투가, 1 전직교관"
EP011030033,1.5,3,C10020,C20004,C20021,,,,,,,,,,-,Battle/Synergy_S10035_Normal/Synergy_S10024_Normal,"2 결투가, 1 전직교관"
EP011030034,1.5,3,C20004,C20020,C20021,,,,,,,,,,-,Battle/Synergy_S10035_Normal/Synergy_S10024_Normal,"2 결투가, 1 전직교관"
EP011040001,1,4,C10001,C10002,C20002,C30012,,,,,,,,,-,Battle/Synergy_S10001_Normal/Synergy_S10017_Normal,"3 마스코트, 3 빅토리아 아일랜드"
EP011040002,1,4,C10001,C20002,C20004,C30001,,,,,,,,,-,Battle/Synergy_S10001_Normal/Synergy_S10016_Normal/Synergy_S10024_Normal,"3 마스코트, 2 엘나스, 2 예티와 페페, 1 전직교관"
EP011040003,1,4,C10008,C20003,C20004,C30002,,,,,,,,,-,Battle/Synergy_S10002_Normal/Synergy_S10015_Normal/Synergy_S10024_Normal,"3 수호대, 3 시간의 신전, 1 전직교관, 1 책사"
EP011040004,1,4,C10009,C20005,C20006,C30006,,,,,,,,,-,Battle/Synergy_S10004_Normal/Synergy_S10022_Normal,"3 마법사, 2 시그너스"
EP011040005,1,4,C20001,C20006,C20007,C30010,,,,,,,,,-,Battle/Synergy_S10007_Normal/Synergy_S10024_Normal/Synergy_S10025_Normal,"3 그림자, 2 기사단장, 1 전직교관"
EP011040006,1,4,C20001,C20009,C20010,C30004,,,,,,,,,-,Battle/Synergy_S10009_Normal/Synergy_S10018_Normal,"3 싸움꾼, 2 슬리피우드"
EP011040007,1,4,C20001,C20009,C20010,C30001,,,,,,,,,-,Battle/Synergy_S10009_Normal/Synergy_S10016_Normal,"3 싸움꾼, 2 엘나스"
EP011040008,1,4,C10004,C20012,C20013,C30012,,,,,,,,,-,Battle/Synergy_S10011_Normal/Synergy_S10020_Normal,"3 방해꾼, 3 아케인리버"
EP011040009,1,4,C10005,C10013,C20012,C30011,,,,,,,,,-,Battle/Synergy_S10011_Normal/Synergy_S10017_Normal,"3 방해꾼, 3 빅토리아 아일랜드"
EP011040010,1,4,C10008,C20003,C20004,C30002,,,,,,,,,-,Battle/Synergy_S10005_Normal/Synergy_S10002_Normal/Synergy_S10024_Normal,"3 시간의 신전, 3 수호대, 1 책사, 1 전직교관"
EP011040011,1,4,C10011,C20002,C20009,C30001,,,,,,,,,-,Battle/Synergy_S10016_Normal,"4 엘나스, 2 예티와 페페"
EP011040012,1,4,C10004,C20004,C20012,C20013,,,,,,,,,-,Battle/Synergy_S10020_Normal,"3 아케인리버, 1 전직교관"
EP011040013,1,4,C10006,C10012,C20008,C30013,,,,,,,,,-,Battle/Synergy_S10021_Normal/Synergy_S10010_Normal/Synergy_S10024_Normal,"3 오르비스, 2 저격수, 1 전직교관"
EP011040014,1,4,C10006,C10012,C20008,C30005,,,,,,,,,-,Battle/Synergy_S10021_Normal/Synergy_S10003_Normal,"3 오르비스, 2 선봉장"
EP011040015,1,4,C10010,C10012,C20011,C30007,,,,,,,,,-,Battle/Synergy_S10023_Normal/Synergy_S10010_Normal,"3 모험가, 2 저격수"
EP011040016,1,4,C10009,C10010,C20011,C30007,,,,,,,,,-,Battle/Synergy_S10023_Normal/Synergy_S10006_Normal,"3 모험가, 2 사냥꾼"
EP011040017,1.1,4,C10014,C20014,C20015,C30005,,,,,,,,,-,Battle/Synergy_S10031_Normal/Synergy_S10003_Normal,"3 아랫마을, 2 선봉장"
EP011040018,1.1,4,C10014,C10015,C20014,C30008,,,,,,,,,-,Battle/Synergy_S10031_Normal/Synergy_S10006_Normal,"3 아랫마을, 2 사냥꾼"
EP011040019,1.1,4,C20004,C20014,C20015,C30014,,,,,,,,,-,Battle/Synergy_S10031_Normal/Synergy_S10024_Normal,"3 아랫마을, 1 전직교관"
EP011040020,1.1,4,C10014,C20014,C20015,C30010,,,,,,,,,-,Battle/Synergy_S10031_Normal/Synergy_S10024_Normal,"3 아랫마을, 1 전직교관"
EP011040021,1.1,4,C10015,C20014,C20015,C30013,,,,,,,,,-,Battle/Synergy_S10031_Normal/Synergy_S10024_Normal,"3 아랫마을, 1 전직교관"
EP011040022,1.2,4,C20008,C20016,C20017,C30015,,,,,,,,,-,Battle/Synergy_S10032_Normal/Synergy_S10008_Normal,"3 마가티아, 2 추격자, 1 책사"
EP011040023,1.2,4,C10010,C20016,C20017,C30015,,,,,,,,,-,Battle/Synergy_S10032_Normal/Synergy_S10006_Normal,"3 마가티아, 2 사냥꾼, 1 책사"
EP011040024,1.2,4,C20004,C20016,C20017,C30015,,,,,,,,,-,Battle/Synergy_S10032_Normal/Synergy_S10024_Normal,"3 마가티아, 1 전직교관, 1 책사"
EP011040025,1.2,4,C10016,C20016,C20017,C30010,,,,,,,,,-,Battle/Synergy_S10032_Normal/Synergy_S10024_Normal,"3 마가티아, 1 전직교관, 1 책사"
EP011040026,1.2,4,C10016,C20016,C20017,C30013,,,,,,,,,-,Battle/Synergy_S10032_Normal/Synergy_S10024_Normal,"3 마가티아, 1 전직교관, 1 책사"
EP011040027,1.3,4,C10018,C20008,C20018,C30016,,,,,,,,,-,Battle/Synergy_S10033_Normal/Synergy_S10008_Normal,"3 미우미우, 2 추격자"
EP011040028,1.3,4,C10017,C20004,C20018,C30016,,,,,,,,,-,Battle/Synergy_S10033_Normal/Synergy_S10024_Normal,"3 미우미우, 1 전직교관"
EP011040029,1.3,4,C10017,C10018,C20018,C30010,,,,,,,,,-,Battle/Synergy_S10033_Normal/Synergy_S10024_Normal,"3 미우미우, 1 전직교관"
EP011040030,1.3,4,C10017,C10018,C20018,C30013,,,,,,,,,-,Battle/Synergy_S10033_Normal/Synergy_S10024_Normal,"3 미우미우, 1 전직교관"
EP011040031,1.4,4,C20002,C20004,C20019,C30018,,,,,,,,,-,Battle/Synergy_S10034_Normal/Synergy_S10024_Normal/Synergy_S10016_Normal,"2 처형자, 2 엘나스, 1 전직교관"
EP011040032,1.4,4,C20004,C20010,C20019,C30017,,,,,,,,,-,Battle/Synergy_S10034_Normal/Synergy_S10024_Normal/Synergy_S10018_Normal,"2 처형자, 2 슬리피우드, 1 전직교관"
EP011040033,1.4,4,C10002,C10005,C20019,C30018,,,,,,,,,-,Battle/Synergy_S10034_Normal/Synergy_S10017_Normal,"2 처형자, 3 빅토리아 아일랜드"
EP011040034,1.4,4,C10009,C10019,C20019,C30008,,,,,,,,,-,Battle/Synergy_S10034_Normal/Synergy_S10022_Normal/Synergy_S10016_Normal/Synergy_S10006_Normal,"2 처형자, 2 시그너스, 2 엘나스, 2 사냥꾼"
EP011040035,1.5,4,C10020,C20020,C20021,C30019,,,,,,,,,-,Battle/Synergy_S10035_Normal,4 결투가
EP011040036,1.5,4,C20002,C20004,C20020,C30019,,,,,,,,,-,Battle/Synergy_S10035_Normal/Synergy_S10016_Normal/Synergy_S10024_Normal,"2 결투가, 2 엘나스, 1 전직교관"
EP011040037,1.5,4,C20004,C20006,C20021,C30019,,,,,,,,,-,Battle/Synergy_S10035_Normal/Synergy_S10019_Normal/Synergy_S10024_Normal,"2 결투가, 2 루디브리엄, 1 전직교관"
EP011040038,1.5,4,C10005,C20020,C20021,C30011,,,,,,,,,-,Battle/Synergy_S10035_Normal/Synergy_S10017_Normal,"2 결투가, 3 빅토리아 아일랜드"
EP011040039,1.5,4,C10020,C20004,C20020,C30005,,,,,,,,,-,Battle/Synergy_S10035_Normal/Synergy_S10022_Normal/Synergy_S10024_Normal,"2 결투가, 2 시그너스, 1 전직교관"
EP011040040,1.6,4,C10006,C10021,C20022,C30020,,,,,,,,,-,Battle/Synergy_S10036_Normal/Synergy_S10003_Normal,"3 판타스틱 테마파크, 2 선봉장"
EP011040041,1.6,4,C10021,C20011,C20022,C30020,,,,,,,,,-,Battle/Synergy_S10036_Normal/Synergy_S10010_Normal,"3 판타스틱 테마파크, 2 저격수"
EP011040042,1.6,4,C10021,C20008,C20022,C30021,,,,,,,,,-,Battle/Synergy_S10036_Normal/Synergy_S10008_Normal,"3 판타스틱 테마파크, 2 추격자"
EP011040043,1.6,4,C10021,C20004,C20022,C30021,,,,,,,,,-,Battle/Synergy_S10036_Normal/Synergy_S10024_Normal,"3 판타스틱 테마파크, 1 전직교관"
EP011050001,1,5,C10001,C10002,C10004,C20002,C30001,,,,,,,,-,Battle/Synergy_S10001_Normal,"5 마스코트, 2 엘나스, 2 예티와 페페"
EP011050002,1,5,C10005,C20003,C20004,C30002,C30003,,,,,,,,-,Battle/Synergy_S10002_Normal/Synergy_S10024_Normal,"5 수호대, 1 전직교관"
EP011050003,1,5,C10003,C10006,C20010,C30004,C30005,,,,,,,,-,Battle/Synergy_S10003_Normal,"4 선봉장, 2 슬리피우드"
EP011050004,1,5,C10003,C10006,C10009,C30004,C30005,,,,,,,,-,Battle/Synergy_S10003_Normal,"4 선봉장, 2 시그너스"
EP011050005,1,5,C10007,C20005,C20006,C30006,C30007,,,,,,,,-,Battle/Synergy_S10004_Normal,5 마법사
EP011050006,1,5,C10009,C20001,C20007,C30009,C30010,,,,,,,,-,Battle/Synergy_S10007_Normal/Synergy_S10024_Normal,"3 그림자, 2 시그너스, 2 기사단장, 1 전직교관"
EP011050007,1,5,C10013,C20001,C20009,C30011,C30012,,,,,,,,-,Battle/Synergy_S10009_Normal/Synergy_S10017_Normal,"3 싸움꾼, 3 빅토리아 아일랜드"
EP011050008,1,5,C10005,C20012,C20013,C30011,C30012,,,,,,,,-,Battle/Synergy_S10011_Normal/Synergy_S10017_Normal,"3 방해꾼, 3 빅토리아 아일랜드, 2 아케인리버"
EP011050009,1,5,C10003,C10008,C20003,C20005,C30002,,,,,,,,-,Battle/Synergy_S10015_Normal,"5 시간의 신전, 1 책사"
EP011050010,1,5,C10001,C20002,C20009,C30001,C30008,,,,,,,,-,Battle/Synergy_S10016_Normal/Synergy_S10001_Normal,"4 엘나스, 3 마스코트, 2 예티와 페페"
EP011050011,1,5,C10011,C20002,C20008,C30001,C30008,,,,,,,,-,Battle/Synergy_S10016_Normal,"4 엘나스, 2 예티와 페페, 2 추격자"
EP011050012,1,5,C10002,C10005,C10013,C30011,C30012,,,,,,,,-,Battle/Synergy_S10017_Normal,5 빅토리아 아일랜드
EP011050013,1,5,C10004,C20004,C20012,C20013,C30012,,,,,,,,-,Battle/Synergy_S10020_Normal/Synergy_S10011_Normal/Synergy_S10024_Normal,"3 아케인리버, 3 방해꾼, 1 전직교관"
EP011050014,1,5,C10006,C10007,C20008,C30006,C30007,,,,,,,,-,Battle/Synergy_S10021_Normal/Synergy_S10004_Normal,"3 오르비스, 3 마법사"
EP011050015,1,5,C10010,C20006,C20011,C30006,C30007,,,,,,,,-,Battle/Synergy_S10023_Normal/Synergy_S10004_Normal,"3 모험가, 3 마법사"
EP011050016,1.1,5,C10014,C10015,C20014,C20015,C30014,,,,,,,,-,Battle/Synergy_S10031_Normal,5 아랫마을
EP011050017,1.1,5,C20014,C20010,C20015,C30011,C30014,,,,,,,,-,Battle/Synergy_S10031_Normal/Synergy_S10009_Normal,"3 아랫마을, 3 싸움꾼"
EP011050018,1.1,5,C10014,C20002,C20015,C30001,C30014,,,,,,,,-,Battle/Synergy_S10031_Normal/Synergy_S10001_Normal,"3 아랫마을, 3 마스코트, 2 엘나스, 2 예티와 페페"
EP011050019,1.1,5,C10014,C20014,C20015,C30006,C30007,,,,,,,,-,Battle/Synergy_S10031_Normal/Synergy_S10004_Normal,"3 아랫마을, 3 마법사"
EP011050020,1.1,5,C10009,C10015,C20014,C30005,C30014,,,,,,,,-,Battle/Synergy_S10031_Normal,"3 아랫마을, 2 선봉장, 2 사냥꾼, 2 시그너스"
EP011050021,1.2,5,C20008,C20016,C20017,C30008,C30015,,,,,,,,-,Battle/Synergy_S10032_Normal,"3 마가티아, 2 추격자, 2 사냥꾼, 1 책사"
EP011050022,1.2,5,C10016,C20003,C20004,C20017,C30015,,,,,,,,-,Battle/Synergy_S10032_Normal/Synergy_S10002_Normal/Synergy_S10024_Normal,"3 마가티아, 3 수호대, 1 전직교관, 1 책사"
EP011050023,1.2,5,C20008,C20016,C20017,C30010,C30015,,,,,,,,-,Battle/Synergy_S10032_Normal/Synergy_S10024_Normal,"3 마가티아, 2 추격자, 1 전직교관, 1 책사"
EP011050024,1.2,5,C10010,C20016,C20017,C30013,C30015,,,,,,,,-,Battle/Synergy_S10032_Normal/Synergy_S10024_Normal,"3 마가티아, 2 사냥꾼, 1 전직교관, 1 책사"
EP011050025,1.3,5,C10018,C20005,C20018,C30007,C30016,,,,,,,,-,Battle/Synergy_S10033_Normal/Synergy_S10004_Normal,"3 미우미우, 3 마법사"
EP011050026,1.3,5,C10017,C20004,C20018,C30003,C30016,,,,,,,,-,Battle/Synergy_S10033_Normal/Synergy_S10002_Normal/Synergy_S10024_Normal,"3 미우미우, 3 수호대, 1 전직교관"
EP011050027,1.3,5,C10017,C20012,C20013,C20018,C30016,,,,,,,,-,Battle/Synergy_S10033_Normal/Synergy_S10011_Normal,"3 미우미우, 3 방해꾼, 2 아케인리버"
EP011050028,1.3,5,C10018,C20008,C20018,C30010,C30016,,,,,,,,-,Battle/Synergy_S10033_Normal/Synergy_S10024_Normal,"3 미우미우, 2 추격자, 1 전직교관"
EP011050029,1.3,5,C10018,C20008,C20018,C30013,C30016,,,,,,,,-,Battle/Synergy_S10033_Normal/Synergy_S10024_Normal,"3 미우미우, 2 추격자, 1 전직교관"
EP011050030,1.4,5,C10019,C20002,C20019,C30017,C30018,,,,,,,,-,Battle/Synergy_S10034_Normal,"4 처형자, 2 엘나스"
EP011050031,1.4,5,C10019,C20010,C20019,C30017,C30018,,,,,,,,-,Battle/Synergy_S10034_Normal,"4 처형자, 2 슬리피우드"
EP011050032,1.4,5,C10009,C10019,C20019,C30017,C30018,,,,,,,,-,Battle/Synergy_S10034_Normal,"4 처형자, 2 시그너스"
EP011050033,1.4,5,C10019,C20004,C20019,C30017,C30018,,,,,,,,-,Battle/Synergy_S10034_Normal,"4 처형자, 1 전직교관"
EP011050034,1.5,5,C10020,C20020,C20021,C30001,C30019,,,,,,,,-,Battle/Synergy_S10035_Normal,"4 결투가, 2 엘나스"
EP011050035,1.5,5,C10020,C20020,C20021,C30003,C30019,,,,,,,,-,Battle/Synergy_S10035_Normal,"4 결투가, 2 루디브리엄"
EP011050036,1.5,5,C10020,C20020,C20021,C30005,C30019,,,,,,,,-,Battle/Synergy_S10035_Normal,"4 결투가, 2 시그너스"
EP011050037,1.5,5,C10020,C20020,C20021,C30010,C30019,,,,,,,,-,Battle/Synergy_S10035_Normal/Synergy_S10024_Normal,"4 결투가, 1 전직교관"
EP011050038,1.5,5,C10020,C20020,C20021,C30013,C30019,,,,,,,,-,Battle/Synergy_S10035_Normal/Synergy_S10024_Normal,"4 결투가, 1 전직교관"
EP011050039,1.6,5,C20012,C20013,C20022,C30020,C30021,,,,,,,,-,Battle/Synergy_S10036_Normal/Synergy_S10011_Normal,"3 판타스틱 테마파크, 3 방해꾼"
EP011050040,1.6,5,C10021,C20004,C20022,C30005,C30020,,,,,,,,-,Battle/Synergy_S10036_Normal/Synergy_S10003_Normal/Synergy_S10024_Normal,"3 판타스틱 테마파크, 2 선봉장, 1 전직교관"
EP011050041,1.6,5,C10003,C10021,C20022,C30013,C30020,,,,,,,,-,Battle/Synergy_S10036_Normal/Synergy_S10010_Normal/Synergy_S10003_Normal/Synergy_S10024_Normal,"3 판타스틱 테마파크, 2 저격수, 2 선봉장, 1 전직교관"
EP011050042,1.6,5,C10021,C20004,C20008,C30020,C30021,,,,,,,,-,Battle/Synergy_S10036_Normal/Synergy_S10008_Normal/Synergy_S10024_Normal,"3 판타스틱 테마파크, 2 추격자, 1 전직교관"
EP011050043,1.6,5,C10006,C10021,C20022,C30010,C30020,,,,,,,,-,Battle/Synergy_S10036_Normal/Synergy_S10003_Normal/Synergy_S10024_Normal,"3 판타스틱 테마파크, 2 선봉장, 1 전직교관"
EP011060001,1,6,C10001,C10002,C10004,C20002,C30001,C30012,,,,,,,-,Battle/Synergy_S10001_Normal,"5 마스코트, 3 빅토리아 아일랜드, 2 엘나스, 2 예티와 페페"
EP011060002,1,6,C10005,C20003,C20004,C20005,C30002,C30003,,,,,,,-,Battle/Synergy_S10002_Normal/Synergy_S10024_Normal,"5 수호대, 3 시간의 신전, 1 전직교관"
EP011060003,1,6,C10005,C10008,C20003,C20004,C30002,C30003,,,,,,,-,Battle/Synergy_S10002_Normal/Synergy_S10024_Normal,"5 수호대, 3 시간의 신전, 1 전직교관, 1 책사"
EP011060004,1,6,C10003,C10006,C10012,C20008,C30004,C30005,,,,,,,-,Battle/Synergy_S10003_Normal,"4 선봉장, 3 오르비스"
EP011060005,1,6,C10003,C10006,C10008,C20005,C30004,C30005,,,,,,,-,Battle/Synergy_S10003_Normal,"4 선봉장, 3 시간의 신전, 1 책사"
EP011060006,1,6,C10007,C10009,C20005,C20006,C30006,C30007,,,,,,,-,Battle/Synergy_S10004_Normal,"5 마법사, 2 시그너스"
EP011060007,1,6,C10013,C20001,C20009,C20012,C30011,C30012,,,,,,,-,Battle/Synergy_S10011_Normal,"3 싸움꾼, 3 빅토리아 아일랜드, 3 방해꾼"
EP011060008,1,6,C20001,C20007,C20009,C20010,C30009,C30010,,,,,,,-,Battle/Synergy_S10007_Normal/Synergy_S10024_Normal,"3 그림자, 3 싸움꾼, 2 그림자, 1 전직교관"
EP011060009,1,6,C10004,C10005,C20012,C20013,C30011,C30012,,,,,,,-,Battle/Synergy_S10011_Normal/Synergy_S10020_Normal,"3 방해꾼, 3 아케인리버, 3 빅토리아 아일랜드"
EP011060010,1,6,C10003,C10008,C20003,C20004,C20005,C30002,,,,,,,-,Battle/Synergy_S10015_Normal/Synergy_S10024_Normal,"5 시간의 신전, 3 수호대, 1 전직교관, 1 책사"
EP011060011,1,6,C10011,C20002,C20009,C20010,C30001,C30011,,,,,,,-,Battle/Synergy_S10016_Normal,"4 엘나스, 3 싸움꾼, 2 예티와 페페"
EP011060012,1,6,C10001,C10002,C10005,C20002,C30011,C30012,,,,,,,-,Battle/Synergy_S10017_Normal,"5 빅토리아 아일랜드, 3 마스코트"
EP011060013,1,6,C10006,C10007,C10010,C10012,C20011,C30007,,,,,,,-,Battle/Synergy_S10023_Normal/Synergy_S10021_Normal/Synergy_S10010_Normal,"3 모험가, 3 오르비스, 2 저격수"
EP011060014,1.1,6,C10014,C10015,C20014,C20015,C30004,C30014,,,,,,,-,Battle/Synergy_S10031_Normal,"5 아랫마을, 2 선봉장"
EP011060015,1.1,6,C10014,C10015,C20014,C20015,C30008,C30014,,,,,,,-,Battle/Synergy_S10031_Normal,"5 아랫마을, 2 사냥꾼"
EP011060016,1.1,6,C10014,C10015,C20004,C20014,C20015,C30014,,,,,,,-,Battle/Synergy_S10031_Normal/Synergy_S10024_Normal,"5 아랫마을, 1 전직교관"
EP011060017,1.1,6,C10014,C10015,C20014,C20015,C30010,C30014,,,,,,,-,Battle/Synergy_S10031_Normal/Synergy_S10024_Normal,"5 아랫마을, 1 전직교관"
EP011060018,1.1,6,C10014,C10015,C20014,C20015,C30013,C30014,,,,,,,-,Battle/Synergy_S10031_Normal/Synergy_S10024_Normal,"5 아랫마을, 1 전직교관"
EP011060019,1.2,6,C10016,C20004,C20008,C20017,C30002,C30015,,,,,,,-,Battle/Synergy_S10032_Normal/Synergy_S10002_Normal/Synergy_S10024_Normal,"3 마가티아, 3 수호대, 2 추격자, 1 전직교관, 1 책사"
EP011060020,1.2,6,C10011,C20004,C20016,C20017,C30008,C30015,,,,,,,-,Battle/Synergy_S10032_Normal/Synergy_S10024_Normal,"3 마가티아, 2 사냥꾼, 2 추격자, 2 엘나스, 1 전직교관, 1 책사"
EP011060021,1.2,6,C10006,C10007,C20008,C20016,C20017,C30015,,,,,,,-,Battle/Synergy_S10032_Normal/Synergy_S10021_Normal,"3 마가티아, 3 오르비스, 2 추격자, 1 책사"
EP011060022,1.3,6,C10018,C20005,C20008,C20018,C30007,C30016,,,,,,,-,Battle/Synergy_S10033_Normal/Synergy_S10004_Normal,"3 미우미우, 3 마법사, 2 추격자"
EP011060023,1.3,6,C10018,C20004,C20008,C20018,C30003,C30016,,,,,,,-,Battle/Synergy_S10033_Normal/Synergy_S10002_Normal/Synergy_S10024_Normal,"3 미우미우, 3 수호대, 2 추격자, 1 전직교관"
EP011060024,1.3,6,C10017,C10018,C20008,C20012,C20013,C30016,,,,,,,-,Battle/Synergy_S10033_Normal/Synergy_S10011_Normal/Synergy_S10020_Normal,"3 미우미우, 3 방해꾼, 2 추격자, 2 아케인리버"
EP011060025,1.3,6,C10018,C20005,C20018,C30007,C30013,C30016,,,,,,,-,Battle/Synergy_S10033_Normal/Synergy_S10004_Normal/Synergy_S10024_Normal,"3 미우미우, 3 마법사, 1 전직교관"
EP011060026,1.3,6,C10017,C20012,C20013,C20018,C30010,C30016,,,,,,,-,Battle/Synergy_S10033_Normal/Synergy_S10011_Normal/Synergy_S10020_Normal/Synergy_S10024_Normal,"3 미우미우, 3 방해꾼, 2 아케인리버, 1 전직교관"
EP011060027,1.4,6,C10009,C10019,C20019,C30008,C30017,C30018,,,,,,,-,Battle/Synergy_S10034_Normal,"4 처형자, 2 엘나스, 2 사냥꾼, 2 시그너스"
EP011060028,1.4,6,C10003,C10019,C20019,C30004,C30017,C30018,,,,,,,-,Battle/Synergy_S10034_Normal,"4 처형자, 2 슬리피우드, 2 선봉장"
EP011060029,1.4,6,C10005,C10019,C20019,C30011,C30017,C30018,,,,,,,-,Battle/Synergy_S10034_Normal/Synergy_S10017_Normal,"4 처형자, 3 빅토리아 아일랜드"
EP011060030,1.4,6,C10003,C10019,C20019,C30005,C30017,C30018,,,,,,,-,Battle/Synergy_S10034_Normal,"4 처형자, 2 시그너스, 2 선봉장"
EP011060031,1.4,6,C10019,C20002,C20004,C20019,C30017,C30018,,,,,,,-,Battle/Synergy_S10034_Normal/Synergy_S10024_Normal,"4 처형자, 2 엘나스, 1 전직교관"
EP011060032,1.5,6,C10009,C10020,C20020,C20021,C30008,C30019,,,,,,,-,Battle/Synergy_S10035_Normal,"4 결투가, 2 엘나스, 2 사냥꾼, 2 시그너스"
EP011060033,1.5,6,C10020,C20020,C20021,C30011,C30012,C30019,,,,,,,-,Battle/Synergy_S10035_Normal/Synergy_S10017_Normal,"4 결투가, 3 빅토리아 아일랜드"
EP011060034,1.5,6,C10020,C20020,C20021,C30003,C30010,C30019,,,,,,,-,Battle/Synergy_S10035_Normal/Synergy_S10024_Normal,"4 결투가, 2 루디브리엄, 1 전직교관"
EP011060035,1.5,6,C10020,C20020,C20021,C30008,C30010,C30019,,,,,,,-,Battle/Synergy_S10035_Normal/Synergy_S10024_Normal,"4 결투가, 2 엘나스, 1 전직교관"
EP011060036,1.5,6,C10020,C20020,C20021,C30005,C30010,C30019,,,,,,,-,Battle/Synergy_S10035_Normal/Synergy_S10024_Normal,"4 결투가, 2 시그너스, 1 전직교관"
EP011060037,1.6,6,C10004,C20012,C20013,C20022,C30020,C30021,,,,,,,-,Battle/Synergy_S10036_Normal/Synergy_S10011_Normal/Synergy_S10020_Normal,"3 판타스틱 테마파크, 3 방해꾼, 3 아케인리버"
EP011060038,1.6,6,C10006,C10021,C20022,C30004,C30005,C30020,,,,,,,-,Battle/Synergy_S10036_Normal/Synergy_S10003_Normal,"3 판타스틱 테마파크, 4 선봉장"
EP011060039,1.6,6,C10012,C20011,C20022,C30013,C30020,C30021,,,,,,,-,Battle/Synergy_S10036_Normal/Synergy_S10010_Normal/Synergy_S10024_Normal,"3 판타스틱 테마파크, 4 저격수, 1 전직교관"
EP011060040,1.6,6,C10006,C10012,C10021,C20008,C20022,C30020,,,,,,,-,Battle/Synergy_S10036_Normal/Synergy_S10021_Normal/Synergy_S10008_Normal/Synergy_S10003_Normal/Synergy_S10010_Normal,"3 판타스틱 테마파크, 3 오르비스, 2 추격자, 2 선봉장, 2 저격수"
EP011070001,1,7,C10001,C10002,C10004,C20002,C20009,C30001,C40010,,,,,,-,Battle/Synergy_S10001_Normal/Synergy_S10016_Normal,"5 마스코트, 4 엘나스"
EP011070002,1,7,C20003,C20004,C20011,C30002,C30003,C30007,C40001,,,,,,-,Battle/Synergy_S10002_Normal/Synergy_S10024_Normal,"5 수호대, 3 모험가, 1 전직교관"
EP011070003,1,7,C10005,C10013,C20003,C20004,C30002,C30012,C40001,,,,,,-,Battle/Synergy_S10002_Normal/Synergy_S10024_Normal,"5 수호대, 3 빅토리아 아일랜드, 1 전직교관"
EP011070004,1,7,C10003,C10006,C20008,C30004,C30005,C30013,C40009,,,,,,-,Battle/Synergy_S10003_Normal/Synergy_S10024_Normal,"4 선봉장, 3 오르비스, 2 추격자, 2 저격수, 1 전직교관"
EP011070005,1,7,C10003,C10006,C20003,C20004,C30002,C30004,C30005,,,,,,-,Battle/Synergy_S10003_Normal/Synergy_S10024_Normal,"4 선봉장, 3 시간의 신전, 3 수호대, 1 전직교관"
EP011070006,1,7,C20003,C20005,C20006,C30002,C30006,C30007,C40002,,,,,,-,Battle/Synergy_S10004_Normal/Synergy_S10024_Normal,"5 마법사, 3 시간의 신전, 1 전직교관"
EP011070007,1,7,C20001,C20006,C20007,C30003,C30009,C30010,C40008,,,,,,-,Battle/Synergy_S10007_Normal/Synergy_S10024_Normal,"5 그림자, 2 루디브리엄, 2 기사단장, 1 전직교관"
EP011070008,1,7,C20001,C20002,C20009,C20010,C30001,C30011,C40010,,,,,,-,Battle/Synergy_S10009_Normal/Synergy_S10016_Normal,"5 싸움꾼, 4 엘나스, 2 예티와 페페"
EP011070009,1,7,C10006,C10012,C20008,C20011,C30007,C30013,C40013,,,,,,-,Battle/Synergy_S10010_Normal/Synergy_S10024_Normal,"4 저격수, 3 모험가, 3 오르비스, 1 전직교관"
EP011070010,1,7,C10004,C10013,C20012,C20013,C30011,C30012,C40007,,,,,,-,Battle/Synergy_S10011_Normal/Synergy_S10020_Normal,"5 방해꾼, 3 아케인리버, 3 빅토리아아일랜드"
EP011070011,1,7,C10003,C10008,C20003,C20005,C30002,C30007,C40002,,,,,,-,Battle/Synergy_S10015_Normal/Synergy_S10024_Normal,"5 시간의 신전, 3 마법사, 1 전직교관, 1 책사"
EP011070012,1,7,C10011,C20002,C20009,C30001,C30008,C30011,C40010,,,,,,-,Battle/Synergy_S10016_Normal,"6 엘나스, 3 싸움꾼, 2 예티와 페페"
EP011070013,1,7,C10001,C10002,C10013,C30001,C30011,C30012,C40007,,,,,,-,Battle/Synergy_S10017_Normal,"5 빅토리아 아일랜드, 3 방해꾼, 3 마스코트"
EP011070014,1,7,C10006,C10007,C10012,C20008,C30005,C30013,C40009,,,,,,-,Battle/Synergy_S10021_Normal/Synergy_S10024_Normal,"5 오르비스, 2 추격자, 2 저격수, 2 선봉장, 1 전직교관"
EP011070015,1,7,C10009,C20012,C20013,C30005,C30006,C30009,C40007,,,,,,-,Battle/Synergy_S10022_Normal/Synergy_S10020_Normal,"5 시그너스, 3 방해꾼, 2 아케인리버, 2 사냥꾼"
EP011070016,1.1,7,C10014,C10015,C20012,C20013,C20014,C30014,C40014,,,,,,-,Battle/Synergy_S10031_Normal/Synergy_S10020_Normal,"5 아랫마을, 3 방해꾼, 2 아케인리버"
EP011070017,1.1,7,C10014,C10015,C20009,C20014,C20015,C30014,C40010,,,,,,-,Battle/Synergy_S10031_Normal,"5 아랫마을, 3 싸움꾼, 2 엘나스"
EP011070018,1.1,7,C10014,C10015,C20014,C20015,C30007,C30014,C40002,,,,,,-,Battle/Synergy_S10031_Normal/Synergy_S10024_Normal,"5 아랫마을, 3 마법사, 1 전직교관"
EP011070019,1.1,7,C10014,C20002,C20014,C20015,C30001,C30014,C40014,,,,,,-,Battle/Synergy_S10031_Normal,"5 아랫마을, 3 마스코트, 2 엘나스, 2 예티와 페페"
EP011070020,1.1,7,C10014,C10015,C20014,C20015,C30004,C30014,C40006,,,,,,-,Battle/Synergy_S10031_Normal,"5 아랫마을, 2 선봉장, 2 사냥꾼, 2 슬리피우드"
EP011070021,1.2,7,C10016,C20004,C20016,C20017,C30003,C30015,C40015,,,,,,-,Battle/Synergy_S10032_Normal/Synergy_S10024_Normal,"5 마가티아, 3 수호대, 1 전직교관, 1 책사"
EP011070022,1.2,7,C10009,C10016,C20016,C20017,C30005,C30015,C40015,,,,,,-,Battle/Synergy_S10032_Normal,"5 마가티아, 2 선봉장, 2 시그너스, 2 사냥꾼, 1 책사"
EP011070023,1.2,7,C10016,C20010,C20016,C20017,C30004,C30015,C40015,,,,,,-,Battle/Synergy_S10032_Normal,"5 마가티아, 2 선봉장, 2 슬리피우드, 1 책사"
EP011070024,1.2,7,C10011,C10016,C20016,C20017,C30008,C30015,C40015,,,,,,-,Battle/Synergy_S10032_Normal,"5 마가티아, 2 사냥꾼, 2 엘나스, 2 추격자, 1 책사"
EP011070025,1.3,7,C10017,C10018,C20018,C30006,C30007,C30016,C40016,,,,,,-,Battle/Synergy_S10033_Normal,"5 미우미우, 3 마법사, 1 책사"
EP011070026,1.3,7,C10017,C10018,C20004,C20018,C30003,C30016,C40016,,,,,,-,Battle/Synergy_S10033_Normal/Synergy_S10024_Normal,"5 미우미우, 3 수호대, 1 전직교관, 1 책사"
EP011070027,1.3,7,C10017,C10018,C20012,C20013,C20018,C30016,C40016,,,,,,-,Battle/Synergy_S10033_Normal/Synergy_S10020_Normal,"5 미우미우, 3 방해꾼, 2 아케인리버, 1 책사"
EP011070028,1.3,7,C10017,C10018,C20008,C20018,C30013,C30016,C40016,,,,,,-,Battle/Synergy_S10033_Normal/Synergy_S10024_Normal,"5 미우미우, 2 추격자, 1 전직교관, 1 책사"
EP011070029,1.4,7,C10019,C20002,C20019,C30001,C30017,C30018,C40010,,,,,,-,Battle/Synergy_S10034_Normal/Synergy_S10016_Normal,"4 처형자, 4 엘나스, 2 예티와 페페"
EP011070030,1.4,7,C10019,C20010,C20019,C30004,C30017,C30018,C40006,,,,,,-,Battle/Synergy_S10034_Normal/Synergy_S10018_Normal,"4 처형자, 4 슬리피우드"
EP011070031,1.4,7,C10013,C10019,C20019,C30012,C30017,C30018,C40007,,,,,,-,Battle/Synergy_S10034_Normal,"4 처형자, 3 빅토리아 아일랜드, 3 방해꾼, 2 시그너스"
EP011070032,1.4,7,C10019,C20003,C20004,C20019,C30017,C30018,C40001,,,,,,-,Battle/Synergy_S10034_Normal/Synergy_S10024_Normal,"4 처형자, 3 수호대, 1 전직교관"
EP011070033,1.4,7,C10019,C20007,C20019,C30009,C30017,C30018,C40008,,,,,,-,Battle/Synergy_S10034_Normal,"4 처형자, 3 그림자, 2 시그너스"
EP011070034,1.5,7,C20002,C20009,C20020,C20021,C30001,C30019,C40017,,,,,,-,Battle/Synergy_S10035_Normal/Synergy_S10016_Normal,"4 결투가, 4 엘나스, 2 예티와 페페"
EP011070035,1.5,7,C20003,C20004,C20020,C20021,C30002,C30019,C40017,,,,,,-,Battle/Synergy_S10035_Normal/Synergy_S10024_Normal,"4 결투가, 3 시간의 신전, 3 수호대, 1 전직교관"
EP011070036,1.5,7,C10013,C10020,C20020,C20021,C30012,C30019,C40007,,,,,,-,Battle/Synergy_S10035_Normal,"4 결투가, 3 빅토리아 아일랜드, 3 방해꾼, 2 시그너스"
EP011070037,1.5,7,C20010,C20020,C20021,C30004,C30005,C30019,C40017,,,,,,-,Battle/Synergy_S10035_Normal,"4 결투가, 2 슬리피우드, 2 선봉장, 2 시그너스"
EP011070038,1.5,7,C10020,C20006,C20021,C30009,C30010,C30019,C40017,,,,,,-,Battle/Synergy_S10035_Normal/Synergy_S10024_Normal,"4 결투가, 3 그림자, 2 루디브리엄, 2 시그너스, 1 전직교관"
EP011070039,1.6,7,C10021,C20010,C20022,C30011,C30020,C30021,C40018,,,,,,-,Battle/Synergy_S10036_Normal,"5 판타스틱 테마파크, 3 싸움꾼"
EP011070040,1.6,7,C10021,C20012,C20013,C20022,C30020,C30021,C40018,,,,,,-,Battle/Synergy_S10036_Normal/Synergy_S10020_Normal,"5 판타스틱 테마파크, 3 방해꾼, 2 아케인리버"
EP011070041,1.6,7,C10021,C20004,C20022,C30004,C30020,C30021,C40018,,,,,,-,Battle/Synergy_S10036_Normal/Synergy_S10024_Normal,"5 판타스틱 테마파크, 2 선봉장, 1 전직교관"
EP011070042,1.6,7,C10003,C10021,C20022,C30013,C30020,C30021,C40018,,,,,,-,Battle/Synergy_S10036_Normal/Synergy_S10024_Normal,"5 판타스틱 테마파크, 2 저격수, 2 선봉장, 1 전직교관"
EP011070043,1.6,7,C10021,C20008,C20022,C30013,C30020,C30021,C40018,,,,,,-,Battle/Synergy_S10036_Normal/Synergy_S10024_Normal,"5 판타스틱 테마파크, 2 추격자, 2 저격수, 1 전직교관"
EP011080001,1,8,C10001,C10002,C10004,C20002,C20009,C30001,C40010,C40011,,,,,-,Battle/Synergy_S10001_Normal/Synergy_S10016_Normal,"5 마스코트, 4 엘나스, 3 싸움꾼"
EP011080002,1,8,C20003,C20004,C20005,C20011,C30002,C30003,C40001,C40013,,,,,-,Battle/Synergy_S10002_Normal/Synergy_S10024_Normal,"5 수호대, 3 시간의 신전, 3 모험가, 2 저격수, 1 전직교관"
EP011080003,1,8,C10003,C10006,C10009,C30004,C30005,C30006,C30009,C40007,,,,,-,Battle/Synergy_S10003_Normal/Synergy_S10022_Normal,"4 선봉장, 5 시그너스, 2 사냥꾼"
EP011080004,1,8,C10007,C20005,C20006,C30003,C30006,C30007,C40002,C40003,,,,,-,Battle/Synergy_S10004_Normal/Synergy_S10024_Normal,"7 마법사, 2 루디브리엄, 1 전직교관"
EP011080005,1,8,C10009,C10010,C20001,C20009,C30008,C30011,C40007,C40012,,,,,-,Battle/Synergy_S10006_Normal,"5 사냥꾼, 3 싸움꾼, 2 엘나스, 2 시그너스, 2 기사단장"
EP011080006,1,8,C20001,C20006,C20007,C30009,C30010,C30011,C40008,C40011,,,,,-,Battle/Synergy_S10007_Normal/Synergy_S10024_Normal,"5 그림자, 3 싸움꾼, 2 기사단장, 2 시그너스, 1 전직교관"
EP011080007,1,8,C20002,C20009,C20010,C30001,C30004,C30011,C40010,C40011,,,,,-,Battle/Synergy_S10009_Normal/Synergy_S10016_Normal,"5 싸움꾼, 4 엘나스, 2 예티와 페페, 2 슬리피우드"
EP011080008,1,8,C10012,C20003,C20005,C20011,C30002,C30013,C40001,C40013,,,,,-,Battle/Synergy_S10010_Normal/Synergy_S10024_Normal,"4 저격수, 3 모험가, 3 수호대, 3 시간의 신전, 1 전직교관"
EP011080009,1,8,C10013,C20009,C20012,C20013,C30011,C30012,C40007,C40011,,,,,-,Battle/Synergy_S10011_Normal,"5 방해꾼, 3 싸움꾼, 3 빅토리아 아일랜드, 2 아케인리버, 2 시그너스"
EP011080010,1,8,C10003,C10008,C20003,C20004,C20005,C30002,C30003,C40001,,,,,-,Battle/Synergy_S10015_Normal/Synergy_S10002_Normal/Synergy_S10024_Normal,"5 시간의 신전, 5 수호대, 1 전직교관, 1 책사"
EP011080011,1,8,C10011,C20002,C20009,C20010,C30001,C30008,C40006,C40010,,,,,-,Battle/Synergy_S10016_Normal,"6 엘나스, 3 싸움꾼, 2 예티와 페페, 2 슬리피우드, 2 사냥꾼"
EP011080012,1,8,C10001,C10002,C10004,C10013,C20002,C30001,C30011,C30012,,,,,-,Battle/Synergy_S10017_Normal/Synergy_S10001_Normal,"5 빅토리아 아일랜드, 5 마스코트, 2 엘나스, 2 예티와 페페"
EP011080013,1,8,C10004,C10008,C20004,C20012,C20013,C30003,C40004,C40005,,,,,-,Battle/Synergy_S10020_Normal/Synergy_S10005_Normal/Synergy_S10024_Normal,"3 아케인리버, 3 마스코트, 3 방해꾼, 2 엘나스, 2 시그너스, 2 사냥꾼, 2 예티와 페페, 1 책사"
EP011080014,1,8,C10003,C10006,C10007,C10012,C20008,C30004,C30005,C40009,,,,,-,Battle/Synergy_S10003_Normal/Synergy_S10021_Normal,"5 오르비스, 4 선봉장, 2 추격자"
EP011080015,1,8,C20005,C20006,C20007,C30005,C30006,C30009,C40005,C40007,,,,,-,Battle/Synergy_S10022_Normal,"5 시그너스, 3 그림자, 3 마법사, 1 책사"
EP011080016,1,8,C10010,C20004,C20011,C30003,C30007,C30008,C40001,C40013,,,,,-,Battle/Synergy_S10023_Normal/Synergy_S10024_Normal,"5 모험가, 3 수호대, 2 사냥꾼, 2 저격수, 1 전직교관"
EP011080017,1,8,C20001,C20007,C20009,C30009,C30010,C30011,C40003,C40012,,,,,-,Battle/Synergy_S10025_Normal/Synergy_S10024_Normal,"4 기사단장, 3 그림자, 3 싸움꾼, 1 전직교관"
EP011080018,1.1,8,C10015,C20014,C20015,C30005,C30012,C30014,C40007,C40014,,,,,-,Battle/Synergy_S10031_Normal,"5 아랫마을, 3 방해꾼, 2 선봉장, 2 사냥꾼, 2 시그너스"
EP011080019,1.1,8,C10014,C20009,C20014,C20015,C30004,C30014,C40010,C40014,,,,,-,Battle/Synergy_S10031_Normal,"5 아랫마을, 3 싸움꾼, 2 엘나스, 2 선봉장"
EP011080020,1.1,8,C10014,C20014,C20015,C30005,C30006,C30014,C40002,C40014,,,,,-,Battle/Synergy_S10031_Normal,"5 아랫마을, 3 마법사, 2 선봉장, 2 시그너스, 1 전직교관"
EP011080021,1.1,8,C10006,C10014,C20014,C20015,C30004,C30005,C30014,C40014,,,,,-,Battle/Synergy_S10031_Normal/Synergy_S10003_Normal,"5 아랫마을, 4 선봉장"
EP011080022,1.1,8,C10014,C20014,C20015,C30004,C30010,C30014,C40006,C40014,,,,,-,Battle/Synergy_S10031_Normal/Synergy_S10024_Normal,"5 아랫마을, 2 슬리피우드, 2 사냥꾼, 2 선봉장, 1 전직교관"
EP011080023,1.2,8,C10006,C10016,C20016,C20017,C30004,C30005,C30015,C40015,,,,,-,Battle/Synergy_S10032_Normal/Synergy_S10003_Normal,"5 마가티아, 4 선봉장, 1 책사"
EP011080024,1.2,8,C10011,C10016,C20008,C20016,C20017,C30015,C40009,C40015,,,,,-,Battle/Synergy_S10032_Normal/Synergy_S10008_Normal,"5 마가티아, 4 추격자, 1 책사"
EP011080025,1.2,8,C10006,C10016,C20008,C20016,C20017,C30015,C40009,C40015,,,,,-,Battle/Synergy_S10032_Normal,"5 마가티아, 3 오르비스, 2 선봉장, 2 추격자, 1 책사"
EP011080026,1.2,8,C10003,C10016,C20003,C20016,C20017,C30002,C30015,C40015,,,,,-,Battle/Synergy_S10032_Normal,"5 마가티아, 3 수호대, 3 시간의 신전, 2 선봉장, 1 책사"
EP011080027,1.2,8,C10016,C20008,C20016,C20017,C30004,C30015,C40006,C40015,,,,,-,Battle/Synergy_S10032_Normal,"5 마가티아, 2 슬리피우드, 2 사냥꾼, 2 선봉장, 2 추격자, 1 책사"
EP011080028,1.3,8,C10008,C10017,C10018,C20018,C30013,C30016,C40005,C40016,,,,,-,Battle/Synergy_S10033_Normal/Synergy_S10024_Normal,"5 미우미우, 3 책사, 1 전직교관"
EP011080029,1.3,8,C10011,C10017,C10018,C20008,C20018,C30016,C40009,C40016,,,,,-,Battle/Synergy_S10033_Normal/Synergy_S10008_Normal,"5 미우미우, 4 추격자, 1 책사"
EP011080030,1.3,8,C10017,C10018,C20008,C20018,C30007,C30016,C40002,C40016,,,,,-,Battle/Synergy_S10033_Normal/Synergy_S10024_Normal,"5 미우미우, 3 마법사, 2 추격자, 1 전직교관, 1 책사"
EP011080031,1.3,8,C10017,C10018,C20018,C30003,C30013,C30016,C40001,C40016,,,,,-,Battle/Synergy_S10033_Normal/Synergy_S10024_Normal,"5 미우미우, 3 수호대, 1 전직교관, 1 책사"
EP011080032,1.3,8,C10009,C10017,C10018,C20018,C30012,C30016,C40007,C40016,,,,,-,Battle/Synergy_S10033_Normal,"5 미우미우, 3 방해꾼, 2 시그너스, 2 사냥꾼, 1 책사"
EP011080033,1.4,8,C10019,C20002,C20019,C30001,C30017,C30018,C40005,C40010,,,,,-,Battle/Synergy_S10034_Normal,"4 처형자, 4 엘나스, 2 시그너스, 2 예티와페페, 1 책사"
EP011080034,1.4,8,C10019,C20010,C20019,C30004,C30017,C30018,C40006,C40007,,,,,-,Battle/Synergy_S10034_Normal,"4 처형자, 4 슬리피우드, 2 시그너스, 2 사냥꾼"
EP011080035,1.4,8,C10001,C10002,C10005,C10019,C20019,C30011,C30017,C30018,,,,,-,Battle/Synergy_S10034_Normal/Synergy_S10017_Normal,"4 처형자, 5 빅토리아 아일랜드"
EP011080036,1.4,8,C10009,C10019,C20019,C30005,C30017,C30018,C40005,C40007,,,,,-,Battle/Synergy_S10034_Normal/Synergy_S10022_Normal,"4 처형자, 5 시그너스, 2 사냥꾼, 1 책사"
EP011080037,1.4,8,C10019,C20010,C20019,C30013,C30017,C30018,C40010,C40011,,,,,-,Battle/Synergy_S10034_Normal/Synergy_S10024_Normal,"4 처형자, 3 싸움꾼, 2 슬리피우드, 2 시그너스, 2 엘나스, 1 전직교관"
EP011080038,1.5,8,C10008,C10020,C20003,C20005,C20020,C30002,C30019,C40017,,,,,-,Battle/Synergy_S10035_Normal/Synergy_S10015_Normal,"4 결투가, 5 시간의 신전, 1 책사"
EP011080039,1.5,8,C20002,C20020,C20021,C30001,C30010,C30019,C40010,C40017,,,,,-,Battle/Synergy_S10035_Normal/Synergy_S10016_Normal/Synergy_S10024_Normal,"4 결투가, 4 엘나스, 2 예티와 페페, 1 전직교관"
EP011080040,1.5,8,C10002,C10005,C20020,C20021,C30011,C30012,C30019,C40017,,,,,-,Battle/Synergy_S10035_Normal/Synergy_S10017_Normal,"4 결투가, 5 빅토리아 아일랜드"
EP011080041,1.5,8,C10009,C10020,C20020,C20021,C30005,C30019,C40005,C40007,,,,,-,Battle/Synergy_S10035_Normal/Synergy_S10022_Normal,"4 결투가, 5 시그너스, 2 사냥꾼, 1 책사"
EP011080042,1.5,8,C10020,C20006,C20021,C30009,C30010,C30019,C40010,C40017,,,,,-,Battle/Synergy_S10035_Normal/Synergy_S10024_Normal,"4 결투가, 3 그림자, 2 시그너스, 2 루디브리엄, 2 엘나스, 1 전직교관"
EP011080043,1.6,8,C10003,C10006,C10021,C20022,C30004,C30020,C30021,C40018,,,,,-,Battle/Synergy_S10036_Normal/Synergy_S10003_Normal,"5 판타스틱 테마파크, 4 선봉장"
EP011080044,1.6,8,C10021,C20008,C20022,C30013,C30020,C30021,C40013,C40018,,,,,-,Battle/Synergy_S10036_Normal/Synergy_S10010_Normal/Synergy_S10024_Normal,"5 판타스틱 테마파크, 4 저격수, 1 전직교관"
EP011080045,1.6,8,C10011,C10021,C20008,C20022,C30020,C30021,C40009,C40018,,,,,-,Battle/Synergy_S10036_Normal/Synergy_S10008_Normal,"5 판타스틱 테마파크, 4 추격자"
EP011080046,1.6,8,C10021,C20009,C20022,C30013,C30020,C30021,C40010,C40018,,,,,-,Battle/Synergy_S10036_Normal/Synergy_S10024_Normal,"5 판타스틱 테마파크, 3 싸움꾼, 2 엘나스, 2 저격수, 1 전직교관"
EP011080047,1.6,8,C10021,C20012,C20022,C30005,C30020,C30021,C40007,C40018,,,,,-,Battle/Synergy_S10036_Normal,"5 판타스틱 테마파크, 3 방해꾼, 2 시그너스, 2 선봉장"
EP011090001,1,9,C10002,C10004,C10011,C20002,C20009,C30001,C30008,C40010,C50001,,,,-,Battle/Synergy_S10001_Normal/Synergy_S10016_Normal,"5 마스코트, 6 엘나스"
EP011090002,1,9,C10005,C20003,C20004,C20011,C30002,C30003,C40001,C40013,C50002,,,,-,Battle/Synergy_S10002_Normal/Synergy_S10024_Normal,"7 수호대, 3 모험가, 2 저격수, 1 전직교관"
EP011090003,1,9,C10003,C20001,C30004,C30005,C30007,C40002,C40003,C40012,C50003,,,,-,Battle/Synergy_S10002_Normal/Synergy_S10025_Normal/Synergy_S10024_Normal,"4 선봉장, 4 기사단장, 3 마법사, 1 전직교관"
EP011090004,1,9,C20005,C20006,C30002,C30006,C30007,C40001,C40002,C40003,C50004,,,,-,Battle/Synergy_S10004_Normal/Synergy_S10024_Normal,"7 마법사, 3 시간의 신전, 2 시그너스, 1 전직교관"
EP011090005,1,9,C10004,C20012,C20013,C30003,C30013,C40004,C40005,C40007,C50005,,,,-,Battle/Synergy_S10005_Normal/Synergy_S10020_Normal/Synergy_S10024_Normal,"3 책사, 4 아케인리버, 3 방해꾼, 2 시그너스, 2 루디브리엄, 1 전직교관"
EP011090006,1,9,C20001,C20009,C20010,C30008,C30010,C40006,C40007,C40012,C50006,,,,-,Battle/Synergy_S10006_Normal,"5 사냥꾼, 3 싸움꾼, 2 엘나스, 2 슬리피우드, 2 기사단장, 2 발록, 1 전직교관"
EP011090007,1,9,C20006,C20007,C20011,C30007,C30009,C30010,C40001,C40008,C40013,,,,-,Battle/Synergy_S10007_Normal/Synergy_S10023_Normal/Synergy_S10024_Normal,"5 그림자, 5 모험가, 2 저격수, 1 전직교관"
EP011090008,1,9,C20001,C20002,C20009,C20010,C30001,C30011,C40010,C40011,C50008,,,,-,Battle/Synergy_S10009_Normal/Synergy_S10016_Normal,"7 싸움꾼, 4 엘나스, 2 예티와 페페"
EP011090009,1,9,C10012,C20011,C30003,C30007,C30013,C40001,C40008,C40013,C50002,,,,-,Battle/Synergy_S10010_Normal/Synergy_S10024_Normal,"4 저격수, 5 모험가, 3 수호대, 1 전직교관"
EP011090010,1,9,C10004,C10013,C20012,C20013,C30012,C40004,C40005,C40007,C50005,,,,-,Battle/Synergy_S10011_Normal/Synergy_S10020_Normal/Synergy_S10005_Normal,"5 방해꾼, 4 아케인리버, 3 책사, 2 시그너스"
EP011090011,1,9,C10008,C20003,C20004,C20005,C30002,C30003,C40001,C40004,C50001,,,,-,Battle/Synergy_S10015_Normal/Synergy_S10002_Normal/Synergy_S10024_Normal,"5 시간의 신전, 5 수호대, 2 루디브리엄, 1 전직교관, 1 책사"
EP011090012,1,9,C20002,C20009,C20010,C30001,C30008,C30011,C40010,C40011,C50002,,,,-,Battle/Synergy_S10016_Normal/Synergy_S10009_Normal,"6 엘나스, 5 싸움꾼, 2 예티와 페페"
EP011090013,1,9,C10001,C10002,C10004,C10013,C20012,C20013,C30011,C30012,C40007,,,,-,Battle/Synergy_S10017_Normal/Synergy_S10011_Normal/Synergy_S10020_Normal,"5 빅토리아 아일랜드, 5 방해꾼, 3 아케인 리버, 3 마스코트"
EP011090014,1,9,C10008,C20006,C30003,C30006,C30007,C40002,C40004,C40005,C50008,,,,-,Battle/Synergy_S10019_Normal/Synergy_S10005_Normal/Synergy_S10024_Normal,"4 루디브리엄, 3 책사, 3 마법사, 2 시그너스, 1 전직교관"
EP011090015,1,9,C10006,C10012,C20008,C30004,C30013,C40004,C40006,C40009,C50006,,,,-,Battle/Synergy_S10021_Normal/Synergy_S10024_Normal,"5 오르비스, 2 저격수, 2 추격자, 2 사냥꾼, 2 선봉장, 2 슬리피우드, 1 전직교관, 1 책사"
EP011090016,1,9,C10009,C20005,C30005,C30006,C30009,C40005,C40007,C40011,C50004,,,,-,Battle/Synergy_S10022_Normal/Synergy_S10024_Normal,"8 시그너스, 3 마법사, 2 사냥꾼, 1 책사"
EP011090017,1,9,C10010,C20011,C20004,C30002,C30003,C30007,C40001,C40013,C50002,,,,-,Battle/Synergy_S10023_Normal/Synergy_S10002_Normal/Synergy_S10024_Normal,"5 모험가, 5 수호대, 2 저격수, 1 전직교관"
EP011090018,1,9,C10003,C20001,C30004,C30005,C30013,C40003,C40007,C40012,C50003,,,,-,Battle/Synergy_S10002_Normal/Synergy_S10025_Normal/Synergy_S10024_Normal,"4 기사단장, 4 선봉장, 2 시그너스, 2 사냥꾼, 1 전직교관"
EP011090019,1.1,9,C10015,C20012,C20013,C20014,C30012,C30014,C40007,C40014,C50009,,,,-,Battle/Synergy_S10031_Normal/Synergy_S10011_Normal,"5 아랫마을, 5 방해꾼, 2 아케인리버, 2 사냥꾼"
EP011090020,1.1,9,C20009,C20014,C20015,C30011,C30014,C40010,C40011,C40014,C50009,,,,-,Battle/Synergy_S10031_Normal/Synergy_S10009_Normal,"5 아랫마을, 5 싸움꾼, 2 엘나스"
EP011090021,1.1,9,C20014,C20015,C30006,C30007,C30014,C40002,C40003,C40014,C50009,,,,-,Battle/Synergy_S10031_Normal/Synergy_S10004_Normal/Synergy_S10024_Normal,"5 아랫마을, 5 마법사, 1 전직교관"
EP011090022,1.1,9,C10006,C10015,C20014,C30004,C30005,C30014,C40006,C40014,C50009,,,,-,Battle/Synergy_S10031_Normal/Synergy_S10003_Normal,"5 아랫마을, 4 선봉장, 2 슬리피우드, 2 사냥꾼"
EP011090023,1.1,9,C10004,C10014,C20002,C20014,C20015,C30001,C30014,C40014,C50001,,,,-,Battle/Synergy_S10031_Normal/Synergy_S10001_Normal,"5 아랫마을, 5 마스코트, 2 엘나스, 2 예티와 페페"
EP011090024,1.2,9,C20009,C20016,C20017,C30011,C30015,C40010,C40011,C40015,C50010,,,,-,Battle/Synergy_S10032_Normal/Synergy_S10009_Normal,"5 마가티아, 5 싸움꾼, 2 엘나스, 1 책사"
EP011090025,1.2,9,C10016,C20004,C20017,C30002,C30003,C30015,C40001,C40015,C50010,,,,-,Battle/Synergy_S10032_Normal/Synergy_S10002_Normal/Synergy_S10024_Normal,"5 마가티아, 5 수호대, 1 전직교관, 1 책사"
EP011090026,1.2,9,C10009,C20016,C20017,C30008,C30015,C40007,C40012,C40015,C50010,,,,-,Battle/Synergy_S10032_Normal/Synergy_S10006_Normal,"5 마가티아, 5 사냥꾼, 2 시그너스, 1 책사"
EP011090027,1.2,9,C10006,C20016,C20017,C30004,C30005,C30015,C40007,C40015,C50010,,,,-,Battle/Synergy_S10032_Normal/Synergy_S10003_Normal,"5 마가티아, 4 선봉장, 2 시그너스, 2 사냥꾼, 1 책사"
EP011090028,1.2,9,C10008,C10016,C20016,C20017,C30015,C40004,C40005,C40015,C50005,,,,-,Battle/Synergy_S10032_Normal/Synergy_S10005_Normal,"5 마가티아, 5 책사"
EP011090029,1.3,9,C10008,C10017,C10018,C20018,C30016,C40004,C40005,C40016,C50005,,,,-,Battle/Synergy_S10033_Normal/Synergy_S10005_Normal,"5 미우미우, 5 책사"
EP011090030,1.3,9,C10018,C20018,C30006,C30007,C30016,C40002,C40003,C40016,C50011,,,,-,Battle/Synergy_S10033_Normal/Synergy_S10004_Normal/Synergy_S10024_Normal,"5 미우미우, 5 마법사, 1 전직교관, 1 책사"
EP011090031,1.3,9,C10017,C20004,C20018,C30002,C30003,C30016,C40001,C40016,C50011,,,,-,Battle/Synergy_S10033_Normal/Synergy_S10002_Normal/Synergy_S10024_Normal,"5 미우미우, 5 수호대, 1 전직교관, 1 책사"
EP011090032,1.3,9,C10017,C20012,C20013,C20018,C30012,C30016,C40007,C40016,C50011,,,,-,Battle/Synergy_S10033_Normal/Synergy_S10011_Normal,"5 미우미우, 5 방해꾼, 2 아케인리버, 1 책사"
EP011090033,1.3,9,C10011,C10018,C20008,C20018,C30016,C40002,C40009,C40016,C50011,,,,-,Battle/Synergy_S10033_Normal/Synergy_S10008_Normal/Synergy_S10024_Normal,"5 미우미우, 4 추격자, 1 전직교관, 1 책사"
EP011090034,1.4,9,C20006,C20019,C30003,C30017,C30018,C40004,C40006,C40007,C50012,,,,-,Battle/Synergy_S10034_Normal/Synergy_S10019_Normal,"4 처형자, 4 루디브리엄, 2 슬리피우드, 2 시그너스, 2 사냥꾼, 1 책사"
EP011090035,1.4,9,C10019,C20002,C20009,C20019,C30001,C30008,C30018,C40010,C50012,,,,-,Battle/Synergy_S10034_Normal/Synergy_S10016_Normal,"4 처형자, 6 엘나스, 2 예티와 페페"
EP011090036,1.4,9,C20010,C20019,C30004,C30017,C30018,C40006,C40010,C40011,C50012,,,,-,Battle/Synergy_S10034_Normal/Synergy_S10018_Normal,"4 처형자, 4 슬리피우드, 3 싸움꾼, 2 엘나스, 2 시그너스"
EP011090037,1.4,9,C10002,C10005,C10019,C20004,C20019,C30011,C30012,C30018,C50012,,,,-,Battle/Synergy_S10034_Normal/Synergy_S10017_Normal/Synergy_S10024_Normal,"4 처형자, 5 빅토리아 아일랜드, 1 전직교관"
EP011090038,1.4,9,C10009,C10019,C30013,C30017,C30018,C40005,C40007,C40011,C50012,,,,-,Battle/Synergy_S10034_Normal/Synergy_S10022_Normal/Synergy_S10024_Normal,"4 처형자, 5 시그너스, 2 사냥꾼, 1 전직교관, 1 책사"
EP011090039,1.5,9,C10008,C10020,C20003,C20004,C20021,C30002,C30019,C40017,C50001,,,,-,Battle/Synergy_S10035_Normal/Synergy_S10015_Normal/Synergy_S10024_Normal,"4 결투가, 5 시간의 신전, 3 수호대, 1 전직교관, 1 책사"
EP011090040,1.5,9,C20002,C20020,C20021,C30001,C30008,C30019,C40010,C40017,C50002,,,,-,Battle/Synergy_S10035_Normal/Synergy_S10016_Normal,"4 결투가, 6 엘나스, 2 예티와 페페"
EP011090041,1.5,9,C10020,C20009,C20021,C30003,C30019,C40004,C40011,C40017,C50008,,,,-,Battle/Synergy_S10035_Normal/Synergy_S10019_Normal,"4 결투가, 4 루디브리엄, 3 싸움꾼, 2 시그너스, 2 엘나스, 1 책사"
EP011090042,1.5,9,C10005,C10013,C10020,C20020,C30011,C30012,C30019,C40007,C40017,,,,-,Battle/Synergy_S10035_Normal/Synergy_S10017_Normal,"4 결투가, 5 빅토리아 아일랜드, 3 방해꾼, 2 시그너스"
EP011090043,1.5,9,C10020,C20006,C20021,C30006,C30019,C40005,C40007,C40017,C50004,,,,-,Battle/Synergy_S10035_Normal/Synergy_S10022_Normal,"4 결투가, 5 시그너스, 3 마법사, 2 루디브리엄, 1 책사"
EP011090044,1.6,9,C20022,C20009,C30011,C30020,C30021,C40010,C40011,C40018,C50013,,,,-,Battle/Synergy_S10036_Normal/Synergy_S10009_Normal,"5 판타스틱 테마파크, 5 싸움꾼, 2 엘나스"
EP011090045,1.6,9,C20012,C20013,C20022,C30012,C30020,C30021,C40007,C40018,C50013,,,,-,Battle/Synergy_S10036_Normal/Synergy_S10011_Normal/Synergy_S10020_Normal,"5 판타스틱 테마파크, 5 방해꾼, 2 아케인리버"
EP011090046,1.6,9,C10003,C10021,C20022,C30004,C30005,C30020,C40013,C40018,C50013,,,,-,Battle/Synergy_S10036_Normal/Synergy_S10003_Normal,"5 판타스틱 테마파크, 4 선봉장, 2 저격수"
EP011090047,1.6,9,C20011,C20022,C30013,C30020,C30021,C40009,C40013,C40018,C50013,,,,-,Battle/Synergy_S10036_Normal/Synergy_S10010_Normal/Synergy_S10024_Normal,"5 판타스틱 테마파크, 4 저격수, 2 추격자, 1 전직교관"
EP011090048,1.6,9,C10006,C10011,C10021,C20008,C30020,C30021,C40009,C40018,C50013,,,,-,Battle/Synergy_S10036_Normal/Synergy_S10008_Normal,"5 판타스틱 테마파크, 4 추격자, 3 오르비스, 2 선봉장"
EP011100001,1,10,C10001,C10002,C20002,C20009,C30001,C30008,C30011,C40010,C50001,C50002,,,-,Battle/Synergy_S10001_Normal/Synergy_S10016_Normal,"5 마스코트, 6 엘나스, 3 싸움꾼, 3 빅토리아 아일랜드, 2 예티와 페페"
EP011100002,1,10,C10005,C10008,C20003,C20004,C20005,C30002,C30003,C40001,C50001,C50002,,,-,Battle/Synergy_S10002_Normal/Synergy_S10015_Normal/Synergy_S10024_Normal,"7 수호대, 5 시간의 신전, 1 전직교관, 1 책사"
EP011100003,1,10,C10006,C10009,C30004,C30005,C30008,C40006,C40009,C40012,C50003,C50006,,,-,Battle/Synergy_S10002_Normal/Synergy_S10025_Normal,"4 선봉장, 5 사냥꾼, 3 오르비스, 2 기사단장, 2 시그너스, 2 슬리피우드, 2 발록"
EP011100004,1,10,C20003,C20005,C20006,C30002,C30006,C30007,C40001,C40002,C40003,C50004,,,-,Battle/Synergy_S10004_Normal/Synergy_S10024_Normal,"7 마법사, 3 시간의 신전, 3 수호대, 2 시그너스, 1 전직교관"
EP011100005,1,10,C10009,C10010,C30004,C30005,C30008,C40006,C40007,C40012,C50006,C50007,,,-,Battle/Synergy_S10006_Normal/Synergy_S10024_Normal,"8 사냥꾼, 2 시그너스, 2 슬리피우드, 2 선봉장, 2 발록, 1 전직교관"
EP011100006,1,10,C20006,C20007,C20011,C30007,C30009,C30010,C40001,C40008,C40013,C50008,,,-,Battle/Synergy_S10007_Normal/Synergy_S10023_Normal/Synergy_S10024_Normal,"5 그림자, 5 모험가, 2 저격수, 2 루디브리엄, 1 전직교관"
EP011100007,1,10,C20001,C20009,C20010,C30004,C30005,C30011,C40004,C40010,C40011,C50008,,,-,Battle/Synergy_S10009_Normal/Synergy_S10025_Normal,"7 싸움꾼, 2 선봉장, 2 루디브리엄, 2 슬리피우드, 2 엘나스, 2 시그너스, 1 책사"
EP011100008,1,10,C10012,C20003,C20004,C20011,C30002,C30013,C40001,C40013,C50001,C50002,,,-,Battle/Synergy_S10010_Normal/Synergy_S10002_Normal,"4 저격수, 5 수호대, 3 시간의 신전, 3 모험가"
EP011100009,1,10,C10013,C20009,C20012,C20013,C30011,C30012,C40007,C40010,C40011,C50008,,,-,Battle/Synergy_S10011_Normal/Synergy_S10020_Normal/Synergy_S10005_Normal,"5 방해꾼, 5 싸움꾼, 3 빅토리아 아일랜드, 2 아케인리버, 2 시그너스, 2 엘나스"
EP011100010,1,10,C10008,C20003,C20005,C30002,C30006,C30007,C40001,C40002,C50001,C50004,,,-,Battle/Synergy_S10015_Normal/Synergy_S10004_Normal/Synergy_S10024_Normal,"5 시간의 신전, 5 마법사, 3 수호대, 2 시그너스, 1 전직교관, 1 책사"
EP011100011,1,10,C20002,C20009,C30001,C30008,C30013,C40007,C40010,C40011,C50001,C50002,,,-,Battle/Synergy_S10016_Normal/Synergy_S10006_Normal,"6 엘나스, 3 싸움꾼, 3 마스코트, 2 시그너스, 2 사냥꾼, 2 예티와 페페, 1 전직교관"
EP011100012,1,10,C10001,C10002,C10004,C10013,C20012,C20013,C30011,C30012,C40007,C50005,,,-,Battle/Synergy_S10017_Normal/Synergy_S10011_Normal/Synergy_S10020_Normal,"5 빅토리아 아일랜드, 5 방해꾼, 4 아케인 리버, 3 마스코트, 1 책사"
EP011100013,1,10,C10008,C20006,C30003,C30006,C30007,C40002,C40004,C40005,C50004,C50008,,,-,Battle/Synergy_S10019_Normal/Synergy_S10005_Normal/Synergy_S10024_Normal,"4 루디브리엄, 5 마법사, 3 책사, 2 시그너스, 1 전직교관"
EP011100014,1,10,C10004,C10013,C20012,C20013,C30012,C40004,C40005,C40007,C50005,C50007,,,-,Battle/Synergy_S10020_Normal/Synergy_S10011_Normal/Synergy_S10024_Normal,"4 아케인리버, 5 방해꾼, 3 책사, 2 사냥꾼, 2 시그너스, 1 전직교관"
EP011100015,1,10,C10006,C10012,C20008,C30004,C30005,C30013,C40006,C40009,C50003,C50006,,,-,Battle/Synergy_S10021_Normal/Synergy_S10003_Normal/Synergy_S10024_Normal,"5 오르비스, 4 선봉장, 2 저격수, 2 사냥꾼, 2 추격자, 2 슬리피우드, 1 전직교관"
EP011100016,1,10,C10009,C30005,C30006,C30007,C30009,C40005,C40007,C40011,C50003,C50004,,,-,Battle/Synergy_S10022_Normal/Synergy_S10024_Normal,"8 시그너스, 3 마법사, 2 사냥꾼, 2 선봉장, 1 책사"
EP011100017,1,10,C10012,C20011,C30003,C30007,C30013,C40001,C40008,C40013,C50002,C50008,,,-,Battle/Synergy_S10023_Normal/Synergy_S10010_Normal/Synergy_S10024_Normal,"5 모험가, 4 저격수, 3 수호대, 2 루디브리엄, 1 전직교관"
EP011100018,1,10,C10003,C20006,C20007,C30004,C30005,C30007,C30010,C40003,C40012,C50003,,,-,Battle/Synergy_S10025_Normal/Synergy_S10006_Normal/Synergy_S10024_Normal,"4 기사단장, 4 선봉장, 3 마법사, 3 그림자, 1 전직교관"
EP011100019,1.1,10,C10015,C20012,C20013,C20014,C30005,C30012,C30014,C40007,C40014,C50009,,,-,Battle/Synergy_S10031_Normal/Synergy_S10011_Normal,"5 아랫마을, 5 방해꾼, 2 아케인리버, 2 사냥꾼, 2 시그너스, 2 선봉장"
EP011100020,1.1,10,C20009,C20014,C20015,C30005,C30014,C40010,C40011,C40014,C50008,C50009,,,-,Battle/Synergy_S10031_Normal/Synergy_S10009_Normal,"5 아랫마을, 5 싸움꾼, 2 엘나스, 2 시그너스, 2 선봉장"
EP011100021,1.1,10,C10003,C10006,C20014,C20015,C30004,C30005,C30014,C40014,C50003,C50009,,,-,Battle/Synergy_S10031_Normal/Synergy_S10003_Normal,"5 아랫마을, 6 선봉장"
EP011100022,1.1,10,C20014,C20015,C30005,C30006,C30014,C40002,C40003,C40014,C50004,C50009,,,-,Battle/Synergy_S10031_Normal/Synergy_S10004_Normal/Synergy_S10024_Normal,"5 아랫마을, 5 마법사, 2 시그너스, 2 선봉장, 1 전직교관"
EP011100023,1.1,10,C10009,C10015,C20014,C30012,C30014,C40007,C40012,C40014,C50007,C50009,,,-,Battle/Synergy_S10031_Normal/Synergy_S10006_Normal/Synergy_S10024_Normal,"5 아랫마을, 5 사냥꾼, 3 방해꾼, 2 시그너스, 1 전직교관"
EP011100024,1.2,10,C10003,C10006,C20016,C20017,C30004,C30005,C30015,C40015,C50003,C50010,,,-,Battle/Synergy_S10032_Normal/Synergy_S10003_Normal,"5 마가티아, 6 선봉장, 1 책사"
EP011100025,1.2,10,C10003,C10016,C20003,C20016,C30002,C30015,C40001,C40015,C50002,C50010,,,-,Battle/Synergy_S10032_Normal/Synergy_S10002_Normal,"5 마가티아, 5 수호대, 3 시간의 신전, 2 선봉장, 1 책사"
EP011100026,1.2,10,C10009,C20016,C20017,C30004,C30015,C40006,C40007,C40015,C50006,C50010,,,-,Battle/Synergy_S10032_Normal/Synergy_S10006_Normal,"5 마가티아, 5 사냥꾼, 2 슬리피우드, 2 시그너스, 2 선봉장, 2 발록, 1 책사"
EP011100027,1.2,10,C20009,C20016,C20017,C30005,C30015,C40010,C40011,C40015,C50008,C50010,,,-,Battle/Synergy_S10032_Normal/Synergy_S10009_Normal,"5 마가티아, 5 싸움꾼, 2 엘나스, 2 시그너스, 2 선봉장, 1 책사"
EP011100028,1.2,10,C10008,C20016,C20017,C30005,C30015,C40004,C40005,C40015,C50005,C50010,,,-,Battle/Synergy_S10032_Normal/Synergy_S10005_Normal,"5 마가티아, 5 책사, 2 시그너스, 2 선봉장"
EP011100029,1.3,10,C10008,C10017,C20018,C30003,C30016,C40004,C40005,C40016,C50005,C50011,,,-,Battle/Synergy_S10033_Normal/Synergy_S10005_Normal,"5 미우미우, 5 책사, 2 루디브리엄"
EP011100030,1.3,10,C10018,C20001,C20018,C30006,C30016,C40002,C40003,C40016,C50004,C50011,,,-,Battle/Synergy_S10033_Normal/Synergy_S10004_Normal/Synergy_S10024_Normal,"5 미우미우, 5 마법사, 2 시그너스, 2 기사단장, 1 전직교관, 1 책사"
EP011100031,1.3,10,C10017,C20018,C30002,C30003,C30016,C40001,C40002,C40016,C50002,C50011,,,-,Battle/Synergy_S10033_Normal/Synergy_S10002_Normal/Synergy_S10024_Normal,"5 미우미우, 5 수호대, 1 전직교관, 1 책사"
EP011100032,1.3,10,C10009,C10017,C20012,C20013,C20018,C30012,C30016,C40007,C40016,C50011,,,-,Battle/Synergy_S10033_Normal/Synergy_S10011_Normal,"5 미우미우, 5 방해꾼, 2 아케인리버, 2 시그너스, 2 사냥꾼, 1 책사"
EP011100033,1.3,10,C10011,C10018,C20008,C20018,C30016,C40006,C40009,C40016,C50006,C50011,,,-,Battle/Synergy_S10033_Normal/Synergy_S10008_Normal,"5 미우미우, 4 추격자, 3 오르비스, 2 사냥꾼, 2 발록, 1 책사"
EP011100034,1.4,10,C10019,C20002,C30003,C30017,C30018,C40004,C40006,C40007,C50008,C50012,,,-,Battle/Synergy_S10034_Normal/Synergy_S10019_Normal,"4 처형자, 4 루디브리엄, 2 슬리피우드, 2 시그너스, 2 사냥꾼, 2 엘나스, 1 책사"
EP011100035,1.4,10,C10019,C20002,C20009,C30001,C30017,C30018,C40010,C40011,C50002,C50012,,,-,Battle/Synergy_S10034_Normal/Synergy_S10016_Normal,"4 처형자, 6 엘나스, 3 싸움꾼, 2 시그너스"
EP011100036,1.4,10,C10019,C20010,C20019,C30004,C30005,C30017,C40004,C40006,C50006,C50012,,,-,Battle/Synergy_S10034_Normal/Synergy_S10018_Normal,"4 처형자, 4 슬리피우드, 2 시그너스, 2 사냥꾼, 2 루디브리엄, 2 선봉장, 1 책사"
EP011100037,1.4,10,C10001,C10002,C10005,C10013,C20019,C30011,C30012,C30017,C30018,C50012,,,-,Battle/Synergy_S10034_Normal/Synergy_S10017_Normal,"4 처형자, 7 빅토리아 아일랜드"
EP011100038,1.4,10,C10019,C20009,C20010,C30017,C30018,C40005,C40007,C40011,C50004,C50012,,,-,Battle/Synergy_S10034_Normal/Synergy_S10022_Normal,"4 처형자, 5 시그너스, 3 싸움꾼, 2 엘나스, 2 슬리피우드, 1 책사"
EP011100039,1.5,10,C10003,C10008,C10020,C20003,C20005,C20021,C30002,C30019,C40017,C50001,,,-,Battle/Synergy_S10035_Normal/Synergy_S10015_Normal,"4 결투가, 7 시간의 신전, 1 책사"
EP011100040,1.5,10,C10020,C20002,C20009,C20020,C30001,C30019,C40010,C40011,C40017,C50002,,,-,Battle/Synergy_S10035_Normal/Synergy_S10016_Normal,"4 결투가, 6 엘나스, 3 싸움꾼, 2 시그너스, 2 예티와 페페"
EP011100041,1.5,10,C10020,C20020,C20021,C30003,C30010,C30019,C40004,C40010,C40011,C50008,,,-,Battle/Synergy_S10035_Normal/Synergy_S10019_Normal/Synergy_S10024_Normal,"4 결투가, 4 루디브리엄, 3 싸움꾼, 2 엘나스, 2 시그너스, 1 전직교관, 1 책사"
EP011100042,1.5,10,C10001,C10002,C10005,C10013,C20020,C20021,C30011,C30012,C30019,C40017,,,-,Battle/Synergy_S10035_Normal/Synergy_S10017_Normal,"4 결투가, 7 빅토리아 아일랜드"
EP011100043,1.5,10,C10020,C20006,C20021,C30006,C30008,C30019,C40005,C40007,C40017,C50004,,,-,Battle/Synergy_S10035_Normal/Synergy_S10022_Normal,"4 결투가, 5 시그너스, 3 마법사, 2 사냥꾼, 2 엘나스, 2 루디브리엄, 1 책사"
EP011100044,1.6,10,C10003,C10006,C10021,C20022,C30004,C30005,C30020,C40018,C50003,C50013,,,-,Battle/Synergy_S10036_Normal/Synergy_S10003_Normal,"5 판타스틱 테마파크, 6 선봉장"
EP011100045,1.6,10,C10021,C20009,C20022,C30005,C30021,C40010,C40011,C40018,C50008,C50013,,,-,Battle/Synergy_S10036_Normal/Synergy_S10009_Normal,"5 판타스틱 테마파크, 5 싸움꾼, 2 엘나스, 2 시그너스, 2 선봉장"
EP011100046,1.6,10,C20012,C20013,C20022,C30012,C30020,C30021,C40007,C40018,C50007,C50013,,,-,Battle/Synergy_S10036_Normal/Synergy_S10011_Normal/Synergy_S10020_Normal/Synergy_S10024_Normal,"5 판타스틱 테마파크, 5 방해꾼, 2 아케인리버, 2 사냥꾼, 1 전직교관"
EP011100047,1.6,10,C20011,C20022,C30013,C30020,C30021,C40001,C40013,C40018,C50003,C50013,,,-,Battle/Synergy_S10036_Normal/Synergy_S10010_Normal/Synergy_S10024_Normal,"5 판타스틱 테마파크, 4 저격수, 3 모험가, 2 선봉장, 1 전직교관"
EP011100048,1.6,10,C10011,C10021,C20008,C30020,C30021,C40006,C40009,C40018,C50006,C50013,,,-,Battle/Synergy_S10036_Normal/Synergy_S10008_Normal,"5 판타스틱 테마파크, 4 추격자, 3 오르비스, 2 사냥꾼, 2 발록"
EP011110001,1,11,C10009,C20001,C30005,C30006,C30009,C40005,C40007,C40011,C50003,C50004,C50008,,-,Battle/Synergy_S10022_Normal,"8 시그너스, 3 싸움꾼, 2 시그너스, 2 선봉장, 2 사냥꾼, 1 책사"
EP011110002,1,11,C10009,C10010,C30001,C30004,C30008,C40006,C40007,C40012,C50003,C50006,C50007,,-,Battle/Synergy_S10006_Normal/Synergy_S10024_Normal,"8 사냥꾼, 2 슬리피우드, 2 시그너스, 2 선봉장, 2 기사단장, 2 엘나스, 2 발록, 1 전직교관"
EP011110003,1,11,C10007,C20005,C20006,C30005,C30006,C30007,C40002,C40003,C50003,C50004,C50008,,-,Battle/Synergy_S10004_Normal/Synergy_S10024_Normal,"8 마법사, 2 시그너스, 2 기사단장, 2 선봉장, 2 루디브리엄, 1 전직교관"
EP011110004,1.1,11,C10014,C20009,C20010,C20015,C30011,C30014,C40010,C40011,C40014,C50008,C50009,,-,Battle/Synergy_S10009_Normal/Synergy_S10031_Normal,"7 싸움꾼, 5 아랫마을, 2 엘나스"
EP011110005,1.1,11,C10015,C20012,C20013,C20014,C30005,C30012,C30014,C40007,C40014,C50005,C50009,,-,Battle/Synergy_S10031_Normal/Synergy_S10011_Normal,"5 아랫마을, 5 방해꾼, 3 아케인리버, 2 시그너스, 2 사냥꾼, 2 선봉장, 1 책사"
EP011110006,1.2,11,C10003,C10006,C20016,C20017,C30004,C30005,C30015,C40015,C50003,C50007,C50010,,-,Battle/Synergy_S10032_Normal/Synergy_S10003_Normal,"6 선봉장, 5 마가티아, 2 사냥꾼, 1 전직교관, 1 책사"
EP011110007,1.2,11,C10016,C20009,C20010,C20017,C30011,C30015,C40010,C40011,C40015,C50008,C50010,,-,Battle/Synergy_S10032_Normal/Synergy_S10009_Normal,"7 싸움꾼, 5 마가티아, 2 엘나스, 1 책사"
EP011110008,1.3,11,C10008,C10018,C20018,C30007,C30016,C40004,C40005,C40016,C50004,C50005,C50011,,-,Battle/Synergy_S10033_Normal/Synergy_S10005_Normal,"5 미우미우, 5 책사, 3 마법사, 2 시그너스"
EP011110009,1.3,11,C10017,C20003,C20004,C20018,C30002,C30003,C30016,C40001,C40016,C50002,C50011,,-,Battle/Synergy_S10033_Normal/Synergy_S10002_Normal/Synergy_S10024_Normal,"5 미우미우, 7 수호대, 1 전직교관, 1 책사"
EP011110010,1.4,11,C10019,C20010,C20019,C30003,C30004,C30017,C40004,C40006,C50006,C50008,C50012,,-,Battle/Synergy_S10034_Normal/Synergy_S10018_Normal/Synergy_S10019_Normal,"4 처형자, 4 루디브리엄, 4 슬리피우드, 2 사냥꾼, 2 발록, 1 책사"
EP011110011,1.4,11,C10009,C10019,C30004,C30005,C30017,C30018,C40007,C40010,C40011,C50008,C50012,,-,Battle/Synergy_S10034_Normal/Synergy_S10022_Normal,"4 처형자, 5 시그너스, 3 싸움꾼, 2 엘나스, 2 슬리피우드, 2 선봉장, 2 루디브리엄, 2 사냥꾼"
EP011110012,1.5,11,C10003,C10008,C10020,C20003,C20005,C20021,C30002,C30019,C40017,C50001,C50002,,-,Battle/Synergy_S10035_Normal/Synergy_S10015_Normal,"4 결투가, 7 시간의 신전, 3 수호대, 2 엘나스, 1 책사"
EP011110013,1.5,11,C10020,C20002,C20009,C20021,C30001,C30019,C40010,C40017,C50002,C50004,C50008,,-,Battle/Synergy_S10035_Normal/Synergy_S10016_Normal,"4 결투가, 6 엘나스, 3 싸움꾼, 2 루디브리엄, 2 시그너스, 2 예티와 페페"
EP011110014,1.6,11,C20009,C20010,C20022,C30011,C30020,C30021,C40010,C40011,C40018,C50008,C50013,,-,Battle/Synergy_S10036_Normal,"5 판타스틱 테마파크, 7 싸움꾼, 2 엘나스"
EP011110015,1.6,11,C10003,C10006,C10021,C20022,C30004,C30005,C30020,C40018,C50003,C50004,C50013,,-,Battle/Synergy_S10036_Normal,"5 판타스틱 테마파크, 6 선봉장, 2 시그너스"
